Gruppe;GUT-Nummer;Bezeichnung;Zusatz;Hersteller;Menge;zugeordneter EK;Warenwert;zugeordnete R+F-Nr;R+F-Nr mehrfach vergeben;Satz der Gruppe;Hebel auf den Satz;richtige R+F-Nummer;Bemerkung
daemmung;RORS8003530;Rohrschale 800 1000mm lang 35/30mm;nach GEG 100%;DEGL01;1124;33,28;37393;1005520089100;ja (2x);;;;
daemmung;RORS8002830;Rohrschale 800 1000mm lang 28/30mm;nach GEG 100%;DEGL01;49;33,28;1614;1005520089100;ja (2x);;;;
rohr;CUS3512;Kupferrohr Sanco-DVGW EN 1057 35 x 1.2mm;hart in Stangen R290;KAOS01;60;20,62;1237;1011960350012;;;;;
daemmung;COFALUK50;Alu-Klebeband CONEL 50mm breit;Rolle a 100m;LIRO03;91;11,70;1065;1005510050000;;;;;
ventil;KHDVGW15D;"KFE-Hahn DVGW-Ausführung 1/2"" Durchgang";vernickelt ohne Schlauchverschraubung;FLRE01;98;10,43;1022;0000101130353;;;;;
daemmung;RORS8003520;Rohrschale 800 1000mm lang 35/20mm;nach GEG 50%;DEGL01;71;12,69;907;1005520054050;;;;;
sonstiges;KV3390100L;Flachheizkörper Kermi Profil V-Kompakt;Typ 33 links 900x1000mm lackiert;KEPA02;1;804,31;804;7089033809100;;;;;
prestabo-stahl / 35mm und groesser / presse;POVRS3522;Prestabo-Reduzierstück 35 x 22mm;Stahl unlegiert,verzinkt, Einsteckende;VIAT01;74;9,74;721;7020900558765;;8,06;0,12;;
sonstiges;KV336080L;Flachheizkörper Kermi Profil V-Kompakt;Typ 33 links 600x 800mm lackiert;KEPA02;1;610,23;610;0000100323437;;;;;
connect-inox / 35mm und groesser / presse;COCIT3515NL;CONNECT INOX HEAT T-Stück 35x15x35mm;1.4307 CONEL;RACA01;30;14,55;437;7085929351000;ja (2x);9,07;0,96;;
rohr;POVR35;Prestabo-Rohr 35 x 1,5 mm, Stange a 6m;Stahl unlegiert, außen verzinkt;VIAT01;78;5,54;432;7020900559496;;;;;
ungeklaert;SSPT50;Siphon mit Leckwassertrichter DN 50;mit Wandhalterung, aus Kunststoff;ALBR08;37;9,55;353;3059050000000;;;;;
sonstiges;KV229040L;Flachheizkörper Kermi Profil V-Kompakt;Typ 22 links 900x 400mm lackiert;KEPA02;1;332,10;332;7089022809040;;;;;
ventil;ESSM661;ESBE ARA661 Stellmotor 3-Punkt 230V AC;Laufzeit 90° 120s;ESCA01;2;164,42;329;7076110095120;;;;;
daemmung;CLALUEND20;Position gesperrt. Alu Endmanschettenband 20mm;blank Rolle a 10m;KAHO03;14;21,85;306;1005060450020;;;;;
schelle_zubehoer;CSBLTH200;COSMO Tauchhülse DN15 L=200mm;Messing vernickelt;RESP01;8;30,45;244;2023230979902;;;;;
"rotguss-gewinde / 1"" und groesser / gewinde";35302015R;Langnippel Rotguss;"3/4"" x 150mm 3530";VIAT01;18;13,44;242;1014036315000;ja (2x);5,23;0,19;;
"rotguss-gewinde / 1"" und groesser / gewinde";31302515;"T-Stueck Rotguss 1""x 1/2""x 1""";3130;VIAT01;68;2,91;198;0000100322858;;5,23;-0,22;;
ventil;ESBM3020MVN;ESBE Brauchwassermischer Serie VTA322;"35-60 Grad mit Verschraubung 3/4"" AG";ESCA01;1;182,41;182;7076131400100;;;;;
daemmung;COFPUP3520;CONEL FLEX PUR Isolierschale, 50%;35x20mm, mit PVC Mantel, 1m;LIRO03;30;5,76;173;1020141020000;;;;;
rohr;CUS22H;Kupferrohr Sanco-DVGW EN 1057 22 x 1.0mm;halbhart in Stangen R250;KAOS01;15;10,43;156;1011960220000;;;;;
daemmung;COFW3530;CONEL FLEX WOOL Isolierschale, 100%;35x33mm, mit alukaschierter Folie, 1m;LIRO03;73;2,02;147;1029988999086;ja (3x);;;;
rohr;CUS281H;Kupferrohr Sanco-DVGW EN 1057 28 x 1.0mm;halbhart in Stangen R250;KAOS01;10;13,71;137;1011960281000;;;;;
prestabo-stahl / 35mm und groesser / presse;POVT3522;Prestabo-T-Stück 35 x 22 x 35mm;Stahl unlegiert,verzinkt, Pressanschluss;VIAT01;13;10,51;137;7020900558932;ja (2x);8,06;0,03;;
ungeklaert;BMPMMEK10;"Bördeladapter mit Messingmutter 3/8""";mit Edelstahlkonus für Kälteanlagen;BAGI01;4;30,18;121;2021521200038;;;;;
"gewinde-schwarz / 1"" und groesser / gewinde";NIPS256;"Rohrdoppelnippel Nr.23 1"" x 60mm";schwarz;ATSA02;119;1,01;120;0000100322582;ja (4x);1,42;-0,11;;
ungeklaert;CTG12;COSMO TW-Ausdehnungsgefäss 12 Ltr. weiss;VD 4,0 bar, Btr.druck 10 bar durchströmt;WIAH01;1;103,11;103;7008200024349;;;;;
ungeklaert;BMPMMEK16;"Bördeladapter mit Messingmutter 5/8""";mit Edelstahlkonus für Kälteanlagen;BAGI01;2;51,34;103;2021521300058;;;;;
uponor-mlc / ohne Mass / gewinde;UCUEK2018N;Uebergang auf Kupfer MLC Uponor PLUS;U 20 x 18 Cu zum Pressen;UNHA02;6;16,93;102;1012223020018;;9,59;0,94;;
ventil;OTSSV32;"Oberteil m.Handrad 1 1/4"" messing";f.Durchgangsventile;SCOL03;1;83,56;84;0897342032400;;;;;
connect-inox / 35mm und groesser / presse;COCIRS3522NL;CONNECT INOX HEAT Reduzierstück 35x22mm;1.4307 CONEL;RACA01;12;5,89;71;7085941351000;ja (2x);9,07;-0,20;;
daemmung;COFALUK100;Alu-Klebeband CONEL 100mm breit;Rolle a 100m;LIRO03;4;17,45;70;2029840000043;;;;;
unbekanntes_system / 22-28mm / gewinde;ISIV2520AT;"Anschlussverschraubung T110 25x3/4"" AG";Isiflo Messing Wasser;ISHE01;2;30,57;61;0631110032300;;30,57;;;
"gewinde-schwarz / 1"" und groesser / gewinde";NIPS2515;"Rohrdoppelnippel Nr.23 1"" x 150mm";schwarz;GCUN01;60;1,01;61;0000100322582;ja (4x);1,42;-0,05;;
ungeklaert;FPAT252550II;TRINNITY flex. Panzerschlauch f. Heizung;"Trinkwasser 1"" IG x 1"" IG, 500 mm";FLRE01;2;29,47;59;1016302003711;;;;;
connect-inox / 35mm und groesser / presse;COCIT3515INL;"CONNECT INOX HEAT T-Stück 35x1/2""x35mm";1.4307 CONEL;RACA01;4;14,55;58;7085929351000;ja (2x);9,07;0,11;;
"maxipro-kupfer / bis 3/4"" / presse";BMPB10;"Bogen 90° B Maxipro 3/8"" i/i";Kupfer für Kälteanlagen;BAGI01;5;11,25;56;2021511290038;;11,25;;;
"megapress-stahl / 1"" und groesser / presse";MPRVT25;"Megapress-T-Stück DN 25 1""";Stahl unlegiert,verzinkt,Pressanschluss;VIAT01;2;25,65;51;1017314020200;;25,65;;;
ungeklaert;COFEL2813;CONEL FLEX EL Schlauchisolierung 50%;28 x 13mm ungeschl. Länge: 2m;LIRO03;12;4,05;49;1005021035020;;;;;
ungeklaert;CCLSTS8100;Stockschraube KLICK M8x100;I-Stern galv. verz. CONEL;FUBE01;100;0,47;47;1015115110000;ja (2x);;;;
ungeklaert;CCLSTS8120;Stockschraube KLICK M8x120;I-Stern galv. verz. CONEL;FUBE01;100;0,47;47;1015115110000;ja (2x);;;;
prestabo-stahl / 35mm und groesser / presse;POVT3515;Prestabo-T-Stück 35 x 15 x 35mm;Stahl unlegiert,verzinkt, Pressanschluss;VIAT01;4;10,51;42;7020900558932;ja (2x);8,06;0,01;;
rohr;SPPR50100;Silent PP Rohr DN 50 mit 1 Muffe;Länge 1000mm Geberit;GEPF01;10;3,84;38;1009100050100;;;;;
sonstiges;WFBD16090;Bogen gepresst Wickelfalz vz.DN 160;90 Grad m.Dichtung;ROHA09;2;17,69;35;7085907540000;;;;;
"maxipro-kupfer / 1"" und groesser / presse";BMPB1645;"Bogen 45° B Maxipro 5/8"" i/i";Kupfer für Kälteanlagen;BAGI01;3;11,25;34;2021511045058;;15,43;-1,57;;
rohr;CUS15H;Kupferrohr Sanco-DVGW EN 1057 15 x 1.0mm;halbhart in Stangen R250;KAOS01;5;6,47;32;1011960150000;;;;;
"gewinde-schwarz / 1"" und groesser / gewinde";NIPS2510;"Rohrdoppelnippel Nr.23 1"" x 100mm";schwarz;GCUN01;31;1,01;31;0000100322582;ja (4x);1,42;-0,02;;
ungeklaert;WFREN1603;Wickelfalzrohr verzinkt DN 160;nach DIN EN 12237 Länge 3 Meter;ROHA09;3;10,34;31;2029415200300;;;;;
daemmung;COFW3520;CONEL FLEX WOOL Isolierschale, 50%;35x20mm, mit alukaschierter Folie, 1m;LIRO03;14;2,02;28;1029988999086;ja (3x);;;;
ungeklaert;FPAT1820100IA;TRINNITY flex. Panzerschlauch f. Heizung;"Trinkwasser 3/4"" IG x 3/4"" AG, 1000 mm";FLRE01;1;28,11;28;1016302002614;;;;;
sonstiges;SPPB5088;Bogen Silent PP DN 50 87,5 Grad m.Muffe;Geberit;GEPF01;9;2,97;27;1009505050088;;;;;
"gewinde-schwarz / 1"" und groesser / gewinde";NIPS2512;"Rohrdoppelnippel Nr.23 1"" x 120mm";schwarz;GCUN01;26;1,01;26;0000100322582;ja (4x);1,42;-0,02;;
"gewinde-schwarz / 1"" und groesser / gewinde";241S3215;"Reduzierstueck Nr.241 1 1/4"" x 1/2""";schwarz;GCUN01;10;2,54;25;1012561410000;;1,42;0,02;;
"rotguss-gewinde / 1"" und groesser / gewinde";32453225;"Doppelnippel Rotguss 1 1/4"" x 1""";3245;VIAT01;4;6,14;25;1014057430000;;5,23;0,00;;
"rotguss-gewinde / 1"" und groesser / gewinde";32413215;"Reduzierstueck Rotguss 1 1/4"" x 1/2""";3241;VIAT01;4;5,93;24;1014200447984;;5,23;0,00;;
"unbekanntes_system / 1"" und groesser / gewinde";PV25I;"Pumpenverschraubung 1"" x 1 1/2"" IG";Temperguss m.Dichtung f.Heizungspumpen;ATSA02;3;7,54;23;1012931300000;;7,54;;;
ventil;CASSV156;"Solar-Sicherheitsventil 1/2""x6 bar";einsetzbar bis 160 Grad verchromt;DEMU02;1;21,81;22;7079056106000;;;;;
ungeklaert;FPAT182050II;TRINNITY flex. Panzerschlauch f. Heizung;"Trinkwasser 3/4"" IG x 3/4"" IG, 500mm";FLRE01;1;19,50;20;1016302003611;;;;;
ungeklaert;CODA1005087;CONEL DRAIN Abzweig DN 100x50 87 Grad;;RERE01;1;18,21;18;1009023100000;;;;;
sonstiges;VALL2409;VALL ISO-Bogen EPE/160/90;inkl. Verbinder, DN 160, 90 Grad;VASC01;1;17,37;17;1015165885205;;;;;
connect-inox / 22-28mm / presse;COCIT2822NL;CONNECT INOX HEAT T-Stück 28x22x28mm;1.4307 CONEL;RACA01;2;8,65;17;7085930280000;;3,81;0,69;;
uponor-mlc / 25-32mm / gewinde;UCPW2520N;Winkelnippel Uponor S-Press PLUS;"MLC 25 x 3/4"" AG 90 Grad";UNHA02;1;16,39;16;1029201070536;;11,24;0,01;;
rohr;SPPR50200;Silent PP Rohr DN 50 mit 1 Muffe;Länge 2000mm Geberit;GEPF01;2;7,89;16;1009100050200;;;;;
ungeklaert;CODA705087;CONEL DRAIN Abzweig DN 70x50 87 Grad;;RERE01;1;14,67;15;1009022009000;;;;;
"rotguss-gewinde / bis 3/4"" / gewinde";309020;"Winkel Rotguss i/i 90 Grad 3/4""";3090;VIAT01;2;7,13;14;1014011210000;;1,60;0,10;;
"rotguss-gewinde / 1"" und groesser / gewinde";35301515R;Langnippel Rotguss;"1/2"" x 150mm 3530";VIAT01;1;13,44;13;1014036315000;ja (2x);5,23;0,01;;
connect-inox / 35mm und groesser / presse;COCIRS3528NL;CONNECT INOX HEAT Reduzierstück 35x28mm;1.4307 CONEL;RACA01;2;5,89;12;7085941351000;ja (2x);9,07;-0,03;;
ventil;KKVV1K;Kermi Kv-Einsatz V1K;f.Ventile Einbauzeitraum von 1991-1993;KEPA02;1;11,39;11;1036826300000;;;;;
uponor-mlc / 25-32mm / presse;UCPTR252020N;T-Stück Uponor reduziert S-Press PLUS;MLC 25 x 20 x 20mm;UNHA02;1;9,64;10;7074001063938;;11,48;0,00;;
prestabo-stahl / 22-28mm / presse;POVT2815;Prestabo-T-Stück 28 x 15 x 28mm;Stahl unlegiert,verzinkt, Pressanschluss;VIAT01;1;7,24;7;7020900558918;;3,70;0,01;;
b-press-kupfer / bis 18mm / gewinde;SPUS1515;Uebergangsstueck Sanpress/Profipress;"15mm x 1/2""AG, Rotguss,m.Pressanschluss";VIAT01;1;6,57;7;1016361180000;;3,64;0,03;;
daemmung;COFW2220;CONEL FLEX WOOL Isolierschale 100%;22x22mm, mit alukaschierter Folie, 1m;LIRO03;2;2,02;4;1029988999086;ja (3x);;;;
ungeklaert;HVAA2020;"Hummel Verlängerung 30 mm G 3/4"" IG x";"G 3/4"" AG";HUWA01;1;3,73;4;1016358447311;;;;;
"gewinde-schwarz / 1"" und groesser / gewinde";241S3225;"Reduzierstueck Nr.241 1 1/4"" x 1""";schwarz;GCUN01;2;1,52;3;1012561430000;;1,42;0,00;;
schelle_zubehoer;SCHLSCH2032;Schlauchschelle Stahl 20-32mm;"f.Schlauchgr. Gummi 3/4""";SCWU02;1;0,96;1;1016735200000;;;;;
daemmung;CLALUEND30;Position gesperrt. Alu Endmanschettenband 30mm;blank Rolle a 10m;KAHO03;0;24,75;0;1005060450030;;;;;
daemmung;CLALUEND20SW;Position gesperrt. Alu Endmanschettenband 20mm;schwarz Rolle a 10m;KAHO03;0;21,13;0;1005060441030;;;;;
