Zählliste;Position;GUT-Nummer;Bezeichnung;Menge Historie;Vorschlag R+F-Nr;Vorschlag Bezeichnung;Vorschlag EK;Vorschlag sicher;R+F-Nummer oder entfällt;Bemerkung
HZ Edelstahlsystem;9;COCIB2845KNL;CONNECT INOX HEAT Bogen 28mm 45 Grad KR 1.4307 CONEL;0;7085422280000;OptiSteel simplesta SH V Bogen 45 I/I d = 28;4,11;ja;7,08592E+12;
HZ Edelstahlsystem;5;COCIB28KNL;CONNECT INOX HEAT Bogen 28mm 90 Grad KR 1.4307 CONEL;0;7085402280000;OptiSteel simplesta SH V Bogen 90 I/I d = 28;4,08;ja;7085402280000;
HZ Edelstahlsystem;7;COCIB28ELKNL;CONNECT INOX HEAT Bogen 28mm 90 Grad KR m. eins. Einschublänge 1.4307 CONEL;0;7085402280000;OptiSteel simplesta SH V Bogen 90 I/I d = 28;4,08;ja;7085907540000;
HZ Edelstahlsystem;23;COCIM22NL;CONNECT INOX HEAT Muffe 22mm 1.4307 CONEL;0;7085473221000;HYJ OptiSteel simplesta SH V Ü-Muffe IG IG, d = 22 x Rp 1/2;5,88;ja;7085470220000;
HZ Edelstahlsystem;24;COCIM28NL;CONNECT INOX HEAT Muffe 28mm 1.4307 CONEL;0;7085470280000;OptiSteel simplesta SH V Muffe d = 28;2,75;ja;7085470280000;
HZ Edelstahlsystem;1;COCIR22NL;CONNECT INOX HEAT Rohr 22 x 1,2mm Stange 6 mtr 1.4307 CONEL;0;;;;;7085992220000;
HZ Edelstahlsystem;2;COCIR28NL;CONNECT INOX HEAT Rohr 28 x 1,2mm Stange 6 mtr 1.4307 CONEL;0;;;;;7085992280000;
HZ Edelstahlsystem;3;COCIR35NL;CONNECT INOX HEAT Rohr 35 x 1,5mm Stange 6 mtr 1.4307 CONEL;0;7085992350000;HYZ OptiSteel simplesta SH Systemrohr 1.4520, 35 x 1,50 mm Stange= 6 m;6,4;ja;7085992350000;
HZ Edelstahlsystem;14;COCIT22NL;CONNECT INOX HEAT T-Stück 22mm 1.4307 CONEL;0;7085429221000;OptiSteel simplesta SH V T-Stück IG d = 22 x Rp 1/2;6,92;ja;7085429221000;
HZ Edelstahlsystem;20;COCIT2215INL;"CONNECT INOX HEAT T-Stück 22x1/2""x22mm 1.4307 CONEL";0;7085429221000;OptiSteel simplesta SH V T-Stück IG d = 22 x Rp 1/2;6,92;ja;7085429221000;
HZ Edelstahlsystem;15;COCIT28NL;CONNECT INOX HEAT T-Stück 28mm 1.4307 CONEL;0;7085430280000;HYJ OptiSteel simplesta SH V T-Stück d = 28;6,39;mehrere ähnlich;7085430280000;
HZ Edelstahlsystem;21;COCIT2815INL;"CONNECT INOX HEAT T-Stück 28x1/2""x28mm 1.4307 CONEL";0;7085429281000;OptiSteel simplesta SH V T-Stück IG d = 28 x Rp 1/2;7,5;ja;7085429281000;
HZ Edelstahlsystem;18;COCIT3522NL;CONNECT INOX HEAT T-Stück 35x22x35mm 1.4307 CONEL;0;7085430350000;OptiSteel simplesta SH V T-Stück d = 35;9,55;mehrere ähnlich;entfällt;
HZ Edelstahlsystem;19;COCIT3528NL;CONNECT INOX HEAT T-Stück 35x28x35mm 1.4307 CONEL;0;7085430350000;OptiSteel simplesta SH V T-Stück d = 35;9,55;mehrere ähnlich;entfällt;
HZ Edelstahlsystem;31;COCIUS2225ANL;"CONNECT INOX HEAT Übergangsstück 22 x 1"" AG 1.4307 CONEL";0;7085472223000;OptiSteel simplesta SH V Übergangsstück AG, d = 22 x R 1;5,15;ja;7085472223000;
HZ Edelstahlsystem;39;COCIUS2225INL;"CONNECT INOX HEAT Übergangsstück 22 x 1"" IG 1.4307 CONEL";0;;;;;7085973223000;
HZ Edelstahlsystem;29;COCIUS2215ANL;"CONNECT INOX HEAT Übergangsstück 22 x 1/2"" AG 1.4307 CONEL";0;;;;;7085972221000;
HZ Edelstahlsystem;37;COCIUS2215INL;"CONNECT INOX HEAT Übergangsstück 22 x 1/2"" IG 1.4307 CONEL";6;;;;;7085973221000;
HZ Edelstahlsystem;30;COCIUS2220ANL;"CONNECT INOX HEAT Übergangsstück 22 x 3/4"" AG 1.4307 CONEL";0;;;;;7085972222000;
HZ Edelstahlsystem;38;COCIUS2220INL;"CONNECT INOX HEAT Übergangsstück 22 x 3/4"" IG 1.4307 CONEL";0;;;;;7085973222000;
HZ Edelstahlsystem;41;COCIUS2825INL;"CONNECT INOX HEAT Übergangsstück 28 x 1"" IG 1.4307 CONEL";0;;;;;7085973283000;
HZ Edelstahlsystem;40;COCIUS2820INL;"CONNECT INOX HEAT Übergangsstück 28 x 3/4"" IG 1.4307 CONEL";1;;;;;7085973282000;
HZ Edelstahlsystem;42;COCIUS2832INL;"CONNECT INOX HEAT Übergangsstück 28x1 1/4"" IG 1.4307 CONEL";0;;;;;7085973284000;
HZ Edelstahlsystem;43;COCIUS3525INL;"CONNECT INOX HEAT Übergangsstück 35 x 1"" IG 1.4307 CONEL";1;;;;;7085973353000;
HZ Edelstahlsystem;36;COCIUS3532ANL;"CONNECT INOX HEAT Übergangsstück 35x1 1/4"" AG 1.4307 CONEL";12;;;;;7085972353000;
HZ Edelstahlsystem;44;COCIUS3532INL;"CONNECT INOX HEAT Übergangsstück 35x1 1/4"" IG 1.4307 CONEL";0;;;;;7085973354000;
HT Rohr & Zubehör, Tauchhülsen, Rohrschellen und Befestigungsmaterial;12;CSBLTH100;COSMO Tauchhülse DN15 L=100mm Messing vernickelt;2;;;;;entfällt;
HT Rohr & Zubehör, Tauchhülsen, Rohrschellen und Befestigungsmaterial;13;CSBLTH150;COSMO Tauchhülse DN15 L=150mm Messing vernickelt;11;;;;;entfällt;
HT Rohr & Zubehör, Tauchhülsen, Rohrschellen und Befestigungsmaterial;23;CCLGWST880;Gewindebolzen KLICK M8x80 Form A DIN 976 galv. verz. CONEL;0;;;;;entfällt;
Schwarz;1;300S15;"Kappe Nr.300 1/2"" schwarz";0;;;;;7075430100000;
Übergänge & Verschraubungen & Reduzierungen;14;330132;"Kappe Rotguss 1 1/4"" 3301";0;;;;;1014056400000;
CU Fittinge & Rohre;22;CUS18H;Kupferrohr Sanco-DVGW EN 1057 18 x 1.0mm halbhart in Stangen R250;0;;;;;1011950180000;
Uponor, Isoliermaterial Mineralwolle;37;UCPK32N;Kupplung Uponor S-Press PLUS MLC 32 x 32mm;0;1029201070550;Uponor Kupplung S-Press PLUS 32-32;10,74;ja;1029201070550;
C-Stahl Fittinge & Rohre;17;POVB2245;Prestabo-Bogen 45 Grad, 22mm Stahl unlegiert,verzinkt, Pressanschluss;0;;;;;entfällt;
C-Stahl Fittinge & Rohre;25;POVM22;Prestabo-Muffe 22mm Stahl unlegiert,verzinkt, Pressanschluss;0;;;;;entfällt;
C-Stahl Fittinge & Rohre;43;POVR22;Prestabo-Rohr 22 x 1,5 mm, Stange a 6m Stahl unlegiert, außen verzinkt;0;;;;;entfällt;
C-Stahl Fittinge & Rohre;41;POVR28;Prestabo-Rohr 28 x 1,5 mm, Stange a 6m Stahl unlegiert, außen verzinkt;0;;;;;entfällt;
C-Stahl Fittinge & Rohre;29;POVT22;Prestabo-T-Stück 22mm Stahl unlegiert,verzinkt, Pressanschluss;0;;;;;entfällt;
HT Rohr & Zubehör, Tauchhülsen, Rohrschellen und Befestigungsmaterial;26;CCLSTS8150;Stockschraube KLICK M8x150 I-Stern galv. verz. CONEL;0;;;;;entfällt;
HT Rohr & Zubehör, Tauchhülsen, Rohrschellen und Befestigungsmaterial;16;BZTTHCU200;"Tauchhuelse 1/2"" x 200mm aus Cu-Leg. f.Bimetall-Thermometer";50;;;;;entfällt;
Uponor, Isoliermaterial Mineralwolle;13;UCPT1615IN;"T-Stück Uponor mit IG S-Press PLUS MLC 16mmx1/2""x16mm";0;1029201070595;"Uponor T-Stück m. Innengew. S-Press PLUS 16-Rp1/2""FT-16";13,4;ja;1029201070595;
CU Fittinge & Rohre;6;BPT1515I;"T-Stueck B-press 15mm x 1/2"" IG x 15mm Rotguss P4130G";0;1012103151000;Viega T-Stück mit SC Sanpress 2217.2 in 15mm x Rp1/2 x 15mm Siliziumbronze;10,23;ja;1012103151000;
CU Fittinge & Rohre;21;BPT1815;T-Stueck B-press 18 x 15 x 18mm Kupfer P5130;0;;;;;1012102183000;
CU Fittinge & Rohre;37;BPT222215;T-Stueck B-press 22 x 22 x 15mm Kupfer P5130;0;;;;;1012102227000;
CU Fittinge & Rohre;78;BPT282815;T-Stueck B-press 28 x 28 x 15mm Kupfer P5130;0;;;;;entfällt;
CU Fittinge & Rohre;69;BPT3515I;"T-Stueck B-press 35mm x 1/2"" IG x 35mm Rotguss P4130G";139;;;;;1012103351000;
CU Fittinge & Rohre;62;BPUS2832I;"Uebergangsstueck B-press 28mm x 1 1/4""IG Rotguss P4270G";0;1012105284000;Viega Übergangsstück mit SC Sanpress 2212 in 28mm x Rp1 1/4 IG Siliziumbronze;15,93;ja;1012105284000;
CU Fittinge & Rohre;75;BPUS3532I;"Uebergangsstueck B-press 35mm x 1 1/4""IG Rotguss P4270G";23;;;;;1012105354000;
Schwarz;12;330S15;"Verschraubung Nr.330 i/i 1/2"" flachdichtend schwarz";0;;;;;7075433100000;
